# Copyright (C) 2017  Intel Corporation. All rights reserved.
# Your use of Intel Corporation's design tools, logic functions 
# and other software and tools, and its AMPP partner logic 
# functions, and any output files from any of the foregoing 
# (including device programming or simulation files), and any 
# associated documentation or information are expressly subject 
# to the terms and conditions of the Intel Program License 
# Subscription Agreement, the Intel Quartus Prime License Agreement,
# the Intel MegaCore Function License Agreement, or other 
# applicable license agreement, including, without limitation, 
# that your use is for the sole purpose of programming logic 
# devices manufactured by Intel and sold by Intel or its 
# authorized distributors.  Please refer to the applicable 
# agreement for further details.

# Quartus Prime Version 17.0.0 Build 595 04/25/2017 SJ Lite Edition
# File: C:\Projects\EECS301\Lab2-Assignment\Lab2-Project\Lab2_Project_Pins.csv
# Generated on: Sat Aug 26 12:12:21 2017

# Note: The column header names should not be changed if you wish to import this .csv file into the Quartus Prime software.

To,Direction,Location,I/O Bank,VREF Group,Fitter Location,I/O Standard,Reserved,Current Strength,Slew Rate,Differential Pair,Transceiver Analog Settings Protocol,VCCR_GXB/VCCT_GXB Voltage,Transceiver I/O Pin Termination,Transceiver Dedicated Refclk Pin Termination,Transmitter Common Mode Driver Voltage,Transmitter Slew Rate Control,Transmitter Differential Output Voltage,Receiver Buffer Common Mode Voltage,Strict Preservation
CLOCK_50,Input,PIN_AF14,3B,B3B_N0,PIN_AF14,3.3-V LVTTL,,8ma,,,,,,,,,,,
HEX0[6],Output,PIN_AH28,5A,B5A_N0,PIN_AH28,3.3-V LVTTL,,16ma,1,,,,,,,,,,
HEX0[5],Output,PIN_AG28,5A,B5A_N0,PIN_AG28,3.3-V LVTTL,,16ma,1,,,,,,,,,,
HEX0[4],Output,PIN_AF28,5A,B5A_N0,PIN_AF28,3.3-V LVTTL,,16ma,1,,,,,,,,,,
HEX0[3],Output,PIN_AG27,5A,B5A_N0,PIN_AG27,3.3-V LVTTL,,16ma,1,,,,,,,,,,
HEX0[2],Output,PIN_AE28,5A,B5A_N0,PIN_AE28,3.3-V LVTTL,,16ma,1,,,,,,,,,,
HEX0[1],Output,PIN_AE27,5A,B5A_N0,PIN_AE27,3.3-V LVTTL,,16ma,1,,,,,,,,,,
HEX0[0],Output,PIN_AE26,5A,B5A_N0,PIN_AE26,3.3-V LVTTL,,16ma,1,,,,,,,,,,
HEX1[6],Output,PIN_AD27,5A,B5A_N0,PIN_AD27,3.3-V LVTTL,,16ma,1,,,,,,,,,,
HEX1[5],Output,PIN_AF30,5A,B5A_N0,PIN_AF30,3.3-V LVTTL,,16ma,1,,,,,,,,,,
HEX1[4],Output,PIN_AF29,5A,B5A_N0,PIN_AF29,3.3-V LVTTL,,16ma,1,,,,,,,,,,
HEX1[3],Output,PIN_AG30,5A,B5A_N0,PIN_AG30,3.3-V LVTTL,,16ma,1,,,,,,,,,,
HEX1[2],Output,PIN_AH30,5A,B5A_N0,PIN_AH30,3.3-V LVTTL,,16ma,1,,,,,,,,,,
HEX1[1],Output,PIN_AH29,5A,B5A_N0,PIN_AH29,3.3-V LVTTL,,16ma,1,,,,,,,,,,
HEX1[0],Output,PIN_AJ29,5A,B5A_N0,PIN_AJ29,3.3-V LVTTL,,16ma,1,,,,,,,,,,
HEX2[6],Output,PIN_AC30,5B,B5B_N0,PIN_AC30,3.3-V LVTTL,,16ma,1,,,,,,,,,,
HEX2[5],Output,PIN_AC29,5B,B5B_N0,PIN_AC29,3.3-V LVTTL,,16ma,1,,,,,,,,,,
HEX2[4],Output,PIN_AD30,5B,B5B_N0,PIN_AD30,3.3-V LVTTL,,16ma,1,,,,,,,,,,
HEX2[3],Output,PIN_AC28,5B,B5B_N0,PIN_AC28,3.3-V LVTTL,,16ma,1,,,,,,,,,,
HEX2[2],Output,PIN_AD29,5B,B5B_N0,PIN_AD29,3.3-V LVTTL,,16ma,1,,,,,,,,,,
HEX2[1],Output,PIN_AE29,5B,B5B_N0,PIN_AE29,3.3-V LVTTL,,16ma,1,,,,,,,,,,
HEX2[0],Output,PIN_AB23,5A,B5A_N0,PIN_AB23,3.3-V LVTTL,,16ma,1,,,,,,,,,,
HEX3[6],Output,PIN_AB22,5A,B5A_N0,PIN_AB22,3.3-V LVTTL,,16ma,1,,,,,,,,,,
HEX3[5],Output,PIN_AB25,5A,B5A_N0,PIN_AB25,3.3-V LVTTL,,16ma,1,,,,,,,,,,
HEX3[4],Output,PIN_AB28,5B,B5B_N0,PIN_AB28,3.3-V LVTTL,,16ma,1,,,,,,,,,,
HEX3[3],Output,PIN_AC25,5A,B5A_N0,PIN_AC25,3.3-V LVTTL,,16ma,1,,,,,,,,,,
HEX3[2],Output,PIN_AD25,5A,B5A_N0,PIN_AD25,3.3-V LVTTL,,16ma,1,,,,,,,,,,
HEX3[1],Output,PIN_AC27,5A,B5A_N0,PIN_AC27,3.3-V LVTTL,,16ma,1,,,,,,,,,,
HEX3[0],Output,PIN_AD26,5A,B5A_N0,PIN_AD26,3.3-V LVTTL,,16ma,1,,,,,,,,,,
HEX4[6],Output,PIN_W25,5B,B5B_N0,PIN_W25,3.3-V LVTTL,,16ma,1,,,,,,,,,,
HEX4[5],Output,PIN_V23,5A,B5A_N0,PIN_V23,3.3-V LVTTL,,16ma,1,,,,,,,,,,
HEX4[4],Output,PIN_W24,5A,B5A_N0,PIN_W24,3.3-V LVTTL,,16ma,1,,,,,,,,,,
HEX4[3],Output,PIN_W22,5A,B5A_N0,PIN_W22,3.3-V LVTTL,,16ma,1,,,,,,,,,,
HEX4[2],Output,PIN_Y24,5A,B5A_N0,PIN_Y24,3.3-V LVTTL,,16ma,1,,,,,,,,,,
HEX4[1],Output,PIN_Y23,5A,B5A_N0,PIN_Y23,3.3-V LVTTL,,16ma,1,,,,,,,,,,
HEX4[0],Output,PIN_AA24,5A,B5A_N0,PIN_AA24,3.3-V LVTTL,,16ma,1,,,,,,,,,,
HEX5[6],Output,PIN_AA25,5A,B5A_N0,PIN_AA25,3.3-V LVTTL,,16ma,1,,,,,,,,,,
HEX5[5],Output,PIN_AA26,5B,B5B_N0,PIN_AA26,3.3-V LVTTL,,16ma,1,,,,,,,,,,
HEX5[4],Output,PIN_AB26,5A,B5A_N0,PIN_AB26,3.3-V LVTTL,,16ma,1,,,,,,,,,,
HEX5[3],Output,PIN_AB27,5B,B5B_N0,PIN_AB27,3.3-V LVTTL,,16ma,1,,,,,,,,,,
HEX5[2],Output,PIN_Y27,5B,B5B_N0,PIN_Y27,3.3-V LVTTL,,16ma,1,,,,,,,,,,
HEX5[1],Output,PIN_AA28,5B,B5B_N0,PIN_AA28,3.3-V LVTTL,,16ma,1,,,,,,,,,,
HEX5[0],Output,PIN_V25,5B,B5B_N0,PIN_V25,3.3-V LVTTL,,16ma,1,,,,,,,,,,
KEY[3],Input,PIN_Y16,3B,B3B_N0,PIN_Y16,3.3-V LVTTL,,8ma,,,,,,,,,,,
KEY[2],Input,PIN_W15,3B,B3B_N0,PIN_W15,3.3-V LVTTL,,8ma,,,,,,,,,,,
KEY[1],Input,PIN_AA15,3B,B3B_N0,PIN_AA15,3.3-V LVTTL,,8ma,,,,,,,,,,,
KEY[0],Input,PIN_AA14,3B,B3B_N0,PIN_AA14,3.3-V LVTTL,,8ma,,,,,,,,,,,
LEDR[9],Output,PIN_Y21,5A,B5A_N0,PIN_Y21,3.3-V LVTTL,,16ma,1,,,,,,,,,,
LEDR[8],Output,PIN_W21,5A,B5A_N0,PIN_W21,3.3-V LVTTL,,16ma,1,,,,,,,,,,
LEDR[7],Output,PIN_W20,5A,B5A_N0,PIN_W20,3.3-V LVTTL,,16ma,1,,,,,,,,,,
LEDR[6],Output,PIN_Y19,4A,B4A_N0,PIN_Y19,3.3-V LVTTL,,16ma,1,,,,,,,,,,
LEDR[5],Output,PIN_W19,4A,B4A_N0,PIN_W19,3.3-V LVTTL,,16ma,1,,,,,,,,,,
LEDR[4],Output,PIN_W17,4A,B4A_N0,PIN_W17,3.3-V LVTTL,,16ma,1,,,,,,,,,,
LEDR[3],Output,PIN_V18,4A,B4A_N0,PIN_V18,3.3-V LVTTL,,16ma,1,,,,,,,,,,
LEDR[2],Output,PIN_V17,4A,B4A_N0,PIN_V17,3.3-V LVTTL,,16ma,1,,,,,,,,,,
LEDR[1],Output,PIN_W16,4A,B4A_N0,PIN_W16,3.3-V LVTTL,,16ma,1,,,,,,,,,,
LEDR[0],Output,PIN_V16,4A,B4A_N0,PIN_V16,3.3-V LVTTL,,16ma,1,,,,,,,,,,
SW[1],Input,PIN_AC12,3A,B3A_N0,PIN_AC12,3.3-V LVTTL,,8ma,,,,,,,,,,,
SW[0],Input,PIN_AB12,3A,B3A_N0,PIN_AB12,3.3-V LVTTL,,8ma,,,,,,,,,,,
